{
  "QtBinding": "PySide6",
  "ShowLogs": false,
  "LiveCompileQss": false,
  "CheckFintMissingIcons": false,
  "QMainWindow": [
    {
      "tittle": "HACOTOOL AUTO TIKTOK ADB",
      "icon":":/haco_tool/Icons/haco_tool/logo_Haco_Tool.png",
			"frameless": false,
			"transluscentBg": true,
			"sizeGrip": "sizegrip",
      "navigation":[
            {
              "moveWindow": "header",
              "tittleBar": "header",
              "minimize":"minsizebin",
              "close": "closebin",
              "restore":[
                {	
                  "buttonName": "maxsizebin",
                  "normalIcon": ":/feather/icons/feather/square.png",
                  "maximizedIcon": ":/feather/icons/feather/copy.png"
                }
              ]
            }
        ]
    }
  ],
  "QSettings": [
    {
      "ThemeSettings": [
        {
          "CustomTheme": [
            {
              "Background-color": "#031716",
              "Text-color": "#fefefe",
              "Icons-color": "#fefefe",
              "Accent-color": "#0C969C",
              "Theme-name": "DarkBlue",
              "Default-Theme": true
            },
            {
              "Background-color": "#21272a",
              "Text-color": "#fefefe",
              "Icons-color": "#fefefe",
              "Accent-color": "#fba43b",
              "Theme-name": "DarkYellow",
              "Default-Theme": true
            },
            {
              "Background-color": "#FFFFFF",
              "Text-color": "#010000",
              "Icons-color": "#000000",
              "Accent-color": "#26bae3",
              "Theme-name": "LightBlue",
              "Default-Theme": false
            }
          ]
          
        }
      ],
      
      "AppSettings": {
        "OrginizationName": "HACOTOOL AUTO TIKTOK ADB",
        "ApplicationName": "DO NGUYEN DANG KHOI @Facebook.me/dkcuti09",
        "OrginizationDormain": "HACOTOOL.org"
      }
    }
  ],
  "QPushButtonGroup": [
    {
      "Buttons": [
        "home_btn",
          "data_center_btn",
          "data_center_btn_2",
          "phone_view_Btn",
          "repor_btn",
          "o_btn_home",
          "update_button_home"
      ],
      "ActiveButton": "home_btn",
      "Style":[
          {
              "Active": "QPushButton{background-color: THEME.COLOR_ACCENT_1; font-weight: bold; border-top: 6px solid $COLOR_BACKGROUND_3;border-left: 6px solid  $COLOR_BACKGROUND_3;border-bottom: 6px solid  $COLOR_BACKGROUND_3}",
              "NotActive": "QPushButton{background-color: transparent; font-weight: normal; border-top: 6px solid transparent;border-left: 6px solid transparent;border-bottom: 6px solid transparent}"
          }
      ]
    },
    {
      "Buttons": [
        "setting_btn",
        "infomation_btn",
        "help_btn",
        "close_center_menu_btn"
    ],
    "ActiveButton": "close_center_menu_btn",
    "Style":[
        {
            "Active":"QPushButton{background-color: THEME.COLOR_ACCENT_1; font-weight: bold; border-top: 6px solid $COLOR_BACKGROUND_3;border-left: 6px solid  $COLOR_BACKGROUND_3;border-bottom: 6px solid  $COLOR_BACKGROUND_3;}",
            "NotActive":"QPushButton{background-color: transparent; font-weight: normal; border-top: 6px solid transparent;border-left: 6px solid transparent;border-bottom: 6px solid transparent;}"
        }
    ]
  },
  {
    "Buttons": [
      "nocation_btn",
      "morebin_menu_center",
      "user_account",
      "close_right_button",
      "wire_less_connection_btn"
  ],
  "ActiveButton": "close_right_button",
  "Style":[
    {
      "Active":"QPushButton{background-color: THEME.COLOR_BACKGROUND_3; font-weight: bold; border-top: 6px solid $COLOR_BACKGROUND_3;border-left: 6px solid  $COLOR_BACKGROUND_3;}",
      "NotActive":"QPushButton{background-color: transparent; font-weight: normal;border-radius: 5px} QPushButton:hover{background-color: THEME.COLOR_ACCENT_1;}"
  }
  ]
}
	],
  "QCustomSlideMenu": [{
      "name": "leftmenu",
      "defaultSize": [{
        "width":62,
        "height": "parent"
      }],
      "collapsedSize": [{
        "width": 62,
        "height": "parent"
      }],
      "expandedSize": [{
        "width": 150,
        "height":"parent"
      }],
      "toggleButton": [{
        "buttonName": "menubtn",
        "icons": [{
          "whenMenuIsCollapsed": ":/feather/icons/feather/align-justify.png",
          "whenMenuIsExpanded": ":/feather/icons/feather/arrow-left-circle.png"
        }],
        "style": [{
          "whenMenuIsCollapsed": [
            "border: 2px solid transparent"
          ],
          "whenMenuIsExpanded": [
            "border: 2px solid rgb(9, 5, 13)"
          ]
        }]
      }],
      "menuTransitionAnimation": [{
        "animationDuration": 500,
        "animationEasingCurve": "Linear"
      }]
    },
    {
      "name": "right_menu",
      "defaultSize": [{
        "width": 0,
        "height": "parent"
      }],
      "collapsedSize": [{
        "width": 0,
        "height": "parent"
      }],
      "expandedSize": [{
        "width": 300,
        "height":"parent"
      }],
      "menuTransitionAnimation": [{
        "animationDuration": 500,
        "animationEasingCurve": "Linear"
      }]
    },
    {
      "name": "centermenu",
      "defaultSize": [{
        "width": 0,
        "height": "parent"
      }],
      "collapsedSize": [{
        "width": 0,
        "height": "parent"
      }],
      "expandedSize": [{
        "width": 200,
        "height":"parent"
      }],
      "menuTransitionAnimation": [{
        "animationDuration": 500,
        "animationEasingCurve": "Linear"
      }]
    }
  ],
  "QCustomQStackedWidget": [
	  {
		"name": "main_page_stack_widget",
		"navigation": [
		  {
			"navigationButtons": [
			  {
				"home_btn": "home_page",
				"data_center_btn": "data_center_page",
        "data_center_btn_2": "data_center_page_2",
        "phone_view_Btn": "phone_view_widget",
				"repor_btn": "report_page",
				"o_btn_home": "more_page",
        "update_button_home": "update_page"
			  }
			]
		  }
		],
		"transitionAnimation": [
		  {
			"fade": [
			  {
				"active": true,
				"duration": 500,
				"easingCurve": "InSine"
			  }
			]
		  }
		]
	  },
	  {
		"name": "centerMenuPages",
		"navigation": [
		  {
			"navigationButtons": [
			  {
				"setting_btn": "settingsPage",
				"infomation_btn": "informationPage",
				"help_btn": "helpPage"
			  }
			]
		  }
		],
    "transitionAnimation": [
		  {
			"fade": [
			  {
				"active": true,
				"duration": 500,
				"easingCurve": "InSine"
			  }
			],
      "slide": [
			  {
				"active": true,
				"duration": 500,
				"easingCurve": "InSine"
			  }
			]
		  }
		]
	  },
	  {
		"name": "rightMenuPages",
		"navigation": [
		  {
			"navigationButtons": [
			  {
				"nocation_btn": "notificationsPage",
				"morebin_menu_center": "morePage",
				"user_account": "profilePage",
        "wire_less_connection_btn":"wire_less_connection_page"
			  }
			]
		  }
		],
    "transitionAnimation": [
		  {
			"slide": [
			  {
				"active": true,
				"duration": 500,
				"easingCurve": "InSine"
			  }
			],
      "fade": [
			  {
				"active": true,
				"duration": 500,
				"easingCurve": "InSine"
			  }
			]
		  }
		]
	  },
    {
      "name": "profile_accout_haco",
      "navigation": [
        {
        "navigationButtons": [
          {
          "active_by_key_btn": "page_activE_key",
          "thoat_khoi_trang_key": "page_profile"
          }
        ]
        }
      ],
      "transitionAnimation": [
        {
        "fade": [
          {
          "active": true,
          "duration": 200,
          "easingCurve": "InSine"
          }
        ]
        }
      ]
      },
      {
        "name": "rightMenuPages",
        "navigation": [
          {
          "navigationButtons": [
            {
            "nocation_btn": "notificationsPage",
            "morebin_menu_center": "morePage",
            "user_account": "profilePage"
            }
          ]
          }
        ],
        "transitionAnimation": [
          {
          "slide": [
            {
            "active": true,
            "duration": 500,
            "easingCurve": "InSine"
            }
          ],
          "fade": [
            {
            "active": true,
            "duration": 500,
            "easingCurve": "InSine"
            }
          ]
          }
        ]
        },
        {
          "name": "stackedWidget_config_data",
          "navigation": [
            {
            "navigationButtons": [
              {
              "config_page_btn": "page_config_setting",
              "close_page_config_btn": "page_data_and_tools",
              "add_acconnt_btnn": "page_Them_acc",
              "chage_to_home_body_page_data_stacm_widget": "page_data_and_tools",
              "setting_check_comment_btn":"page_cf_check_comment",
              "leave_btn_to_cf_page":"page_config_setting",
              "leave_btn_321":"page_cf_check_comment",
              "advanced_cf_check_btn":"advanced_page_cf_check_cmt"
              }
            ]
            }
          ],
          "transitionAnimation": [
            {
            "fade": [
              {
              "active": true,
              "duration": 500,
              "easingCurve": "InSine"
              }
            ]
            }
          ]
          }
	],

  "QCustomCheckBox":[

    {
      "name":"check__Cmt_btn",
      "bgColor":"THEME.COLOR_BACKGROUND_5",
      "circleColor":"THEME.COLOR_TEXT_2",
      "activeColor":"THEME.COLOR_ACCENT_1",
      "animationEasingCurve":"InOutCubic",
      "animationDuration":300
    },
    {
      "name":"check_ngon_ngu_khong_phu_hop_checkb",
      "bgColor":"THEME.COLOR_BACKGROUND_5",
      "circleColor":"THEME.COLOR_TEXT_2",
      "activeColor":"THEME.COLOR_ACCENT_1",
      "animationEasingCurve":"InOutCubic",
      "animationDuration":300
    },
    {
      "name":"check_sdt_email_cb",
      "bgColor":"THEME.COLOR_BACKGROUND_5",
      "circleColor":"THEME.COLOR_TEXT_2",
      "activeColor":"THEME.COLOR_ACCENT_1",
      "animationEasingCurve":"InOutCubic",
      "animationDuration":300
    },
    {
      "name":"bo_dau_trc_khi_check_cmt",
      "bgColor":"THEME.COLOR_BACKGROUND_5",
      "circleColor":"THEME.COLOR_TEXT_2",
      "activeColor":"THEME.COLOR_ACCENT_1",
      "animationEasingCurve":"InOutCubic",
      "animationDuration":300
    }
    
  ]
  
}