{
  "QPushButton": [
    {
      "name": "menubtn",
      "icon": "Qss/icons/icons/feather/menu.png"
    },
    {
      "name": "home_btn",
      "icon": "Qss/icons/icons/feather/home.png"
    },
    {
      "name": "data_center_btn",
      "icon": "Qss/icons/icons/feather/list.png"
    },
    {
      "name": "data_center_btn_2",
      "icon": "Qss/icons/icons/feather/database.png"
    },
    {
      "name": "phone_view_Btn",
      "icon": "Qss/icons/icons/material_design/phone_iphone.png"
    },
    {
      "name": "repor_btn",
      "icon": "Qss/icons/icons/feather/printer.png"
    },
    {
      "name": "o_btn_home",
      "icon": "Qss/icons/icons/feather/more-vertical.png"
    },
    {
      "name": "update_button_home",
      "icon": "Qss/icons/icons/material_design/system_update_alt.png"
    },
    {
      "name": "setting_btn",
      "icon": "Qss/icons/icons/feather/settings.png"
    },
    {
      "name": "infomation_btn",
      "icon": "Qss/icons/icons/feather/info.png"
    },
    {
      "name": "help_btn",
      "icon": "Qss/icons/icons/feather/help-circle.png"
    },
    {
      "name": "close_center_menu_btn",
      "icon": "Qss/icons/icons/feather/x-circle.png"
    },
    {
      "name": "text_title_btn",
      "icon": "Qss/icons/haco_tool/logo_Haco_Tool_2.png"
    },
    {
      "name": "nocation_btn",
      "icon": "Qss/icons/icons/material_design/notifications.png"
    },
    {
      "name": "morebin_menu_center",
      "icon": "Qss/icons/icons/feather/more-horizontal.png"
    },
    {
      "name": "user_account",
      "icon": "Qss/icons/icons/feather/user.png"
    },
    {
      "name": "minsizebin",
      "icon": "Qss/icons/icons/feather/window_minimize.png"
    },
    {
      "name": "maxsizebin",
      "icon": "Qss/icons/icons/feather/square.png"
    },
    {
      "name": "closebin",
      "icon": "Qss/icons/icons/feather/window_close.png"
    },
    {
      "name": "wire_less_connection_btn",
      "icon": "Qss/icons/icons/material_design/wifi_find.png"
    },
    {
      "name": "config_page_btn",
      "icon": "Qss/icons/icons/feather/settings.png"
    },
    {
      "name": "add_acconnt_btnn",
      "icon": "Qss/icons/icons/feather/plus-square.png"
    },
    {
      "name": "select_all_ds_account",
      "icon": "Qss/icons/icons/material_design/all_out.png"
    },
    {
      "name": "delete_acc_btn",
      "icon": "Qss/icons/icons/feather/delete.png"
    },
    {
      "name": "reload_Device_Btn",
      "icon": "Qss/icons/icons/feather/repeat.png"
    },
    {
      "name": "add_account",
      "icon": "Qss/icons/icons/feather/plus-square.png"
    },
    {
      "name": "edit_data",
      "icon": "Qss/icons/icons/feather/edit-3.png"
    },
    {
      "name": "delete_Data",
      "icon": "Qss/icons/icons/feather/delete.png"
    },
    {
      "name": "ReloadDataAccount",
      "icon": "Qss/icons/icons/feather/refresh-ccw.png"
    },
    {
      "name": "addTKcauhinh",
      "icon": "Qss/icons/icons/feather/plus-square.png"
    },
    {
      "name": "config_page_btn_3",
      "icon": "Qss/icons/icons/feather/settings.png"
    },
    {
      "name": "viewSetitngBTN",
      "icon": "Qss/icons/icons/font_awesome/solid/eye.png"
    },
    {
      "name": "senderror_report",
      "icon": "Qss/icons/icons/feather/send.png"
    },
    {
      "name": "check_update_main_version",
      "icon": "Qss/icons/icons/material_design/update.png"
    },
    {
      "name": "check_update_package_Version",
      "icon": "Qss/icons/icons/material_design/update.png"
    },
    {
      "name": "auto_install_adb_path",
      "icon": "Qss/icons/icons/material_design/adb.png"
    },
    {
      "name": "close_right_button",
      "icon": "Qss/icons/icons/feather/x-circle.png"
    },
    {
      "name": "noticatioNbanner_btn",
      "icon": "Qss/icons/icons/material_design/notifications_active.png"
    },
    {
      "name": "wireless_bghNbanner_btn_2",
      "icon": "Qss/icons/icons/font_awesome/solid/wifi.png"
    },
    {
      "name": "logo_haco_3",
      "icon": "Qss/icons/haco_tool/logo_Haco_Tool.png"
    },
    {
      "name": "loggout_btn",
      "icon": "Qss/icons/icons/material_design/chevron_left.png"
    },
    {
      "name": "active_by_key_btn",
      "icon": "Qss/icons/icons/feather/key.png"
    },
    {
      "name": "check_key_active",
      "icon": "Qss/icons/icons/material_design/key.png"
    },
    {
      "name": "get_key_free_btn",
      "icon": "Qss/icons/icons/font_awesome/brands/get-pocket.png"
    },
    {
      "name": "buy_key_bttn",
      "icon": "Qss/icons/icons/feather/external-link.png"
    },
    {
      "name": "thoat_khoi_trang_key",
      "icon": "Qss/icons/icons/feather/x-circle.png"
    },
    {
      "name": "lgoin_hacotool_btn_2",
      "icon": "Qss/icons/icons/material_design/login.png"
    },
    {
      "name": "register_hacotool_btn_2",
      "icon": "Qss/icons/icons/material_design/login.png"
    },
    {
      "name": "regisiter_hacotool_btn_2",
      "icon": "Qss/icons/icons/material_design/login.png"
    },
    {
      "name": "lgoin_hacotool_btn_3",
      "icon": "Qss/icons/icons/material_design/login.png"
    },
    {
      "name": "logo_Haco_Btn_2",
      "icon": "Qss/icons/haco_tool/logo_Haco_Tool_2.png"
    }
  ],
  "QLabel": [
    {
      "name": "label_9",
      "pixmap": "Qss/icons/icons/feather/search.png"
    },
    {
      "name": "label_10",
      "pixmap": "Qss/icons/icons/feather/database.png"
    },
    {
      "name": "label_12",
      "pixmap": "Qss/icons/icons/font_awesome/brands/bitcoin.png"
    },
    {
      "name": "label_17",
      "pixmap": "Qss/icons/icons/font_awesome/solid/business-time.png"
    },
    {
      "name": "label_21",
      "pixmap": "Qss/icons/icons/material_design/error_outline.png"
    },
    {
      "name": "label_19",
      "pixmap": "Qss/icons/icons/material_design/error_outline.png"
    },
    {
      "name": "label_11",
      "pixmap": "Qss/icons/icons/font_awesome/solid/coins.png"
    },
    {
      "name": "label_70",
      "pixmap": "Qss/icons/icons/feather/search.png"
    },
    {
      "name": "label_39",
      "pixmap": "Qss/icons/icons/feather/user.png"
    },
    {
      "name": "label_38",
      "pixmap": "Qss/icons/icons/feather/lock.png"
    },
    {
      "name": "label_40",
      "pixmap": "Qss/icons/icons/feather/user.png"
    },
    {
      "name": "label_41",
      "pixmap": "Qss/icons/icons/feather/lock.png"
    },
    {
      "name": "label_42",
      "pixmap": "Qss/icons/icons/feather/lock.png"
    }
  ]
}