{
  "QPushButton": [
    {
      "name": "closebin",
      "icon": "Qss/icons/icons/feather/window_close.png"
    },
    {
      "name": "pushButton",
      "icon": "Qss/icons/icons/feather/database.png"
    },
    {
      "name": "pushButton_2",
      "icon": "Qss/icons/icons/font_awesome/brands/bitcoin.png"
    },
    {
      "name": "pushButton_3",
      "icon": "Qss/icons/icons/font_awesome/solid/business-time.png"
    },
    {
      "name": "pushButton_4",
      "icon": "Qss/icons/icons/material_design/done_all.png"
    },
    {
      "name": "pushButton_5",
      "icon": "Qss/icons/icons/feather/alert-circle.png"
    },
    {
      "name": "pushButton_6",
      "icon": "Qss/icons/icons/font_awesome/solid/coins.png"
    }
  ]
}